1;79014179;Thalia;Taima;police officer;96405.78;17-12-1963
2;79781716;Alie;Bow;firefighter;78548.57;22-04-1931
3;79465745;Annora;Eiser;firefighter;188334.23;21-11-1916
4;79916724;Fred;Federica;developer;176532.04;25-05-1914
5;79828850;Daphne;McLaughlin;firefighter;32504.85;21-05-1980
6;79633674;Ethel;Tybald;firefighter;134504.29;16-01-1973
7;79267696;Janis;Barbey;worker;111456.4;13-10-1934
8;79088602;Eolanda;Uund;worker;53032.65;21-06-1952
9;79226177;Tina;Gerge;police officer;40168.32;29-04-1990
10;79975157;Allis;Turne;police officer;59419.28;10-08-1970
11;79849996;Eugine;Ader;firefighter;177980.83;05-04-1964
12;79692182;Judy;Muriel;doctor;135917.14;01-04-1901
13;79309872;Glenda;Atonsah;worker;152643.94;16-03-1992
14;79053849;Nanete;Linehan;developer;144749.14;30-01-2018
15;79455467;Roslyn;Haerr;firefighter;109962.83;03-10-2007
16;79431669;Grier;Travax;firefighter;99182.53;10-03-1977
17;79405254;Jany;Briney;firefighter;190145.87;30-05-1906
18;79152527;Ingrid;Willie;police officer;119161.03;17-04-1941
19;79702835;Romona;Naor;worker;129763.17;20-10-1954
20;79538866;Natka;Socha;worker;42496.94;12-05-1974
21;79430913;Nicoli;Lesley;worker;167711.03;31-01-2008
22;79117803;Jacquetta;Clarissa;worker;189856.09;10-01-1951
23;79688561;Lynea;Gahl;worker;175662.18;22-09-1900
24;79066256;Charmaine;Kirstin;developer;100388.08;24-03-1901
25;79319765;Maisey;Papageno;worker;156775.57;11-07-2013
26;79072101;Lindie;Eliathas;developer;178997.65;28-01-1961
27;79522765;Gwenneth;Sekofski;firefighter;186194.63;23-04-1921
28;79717868;Dawn;Gilbertson;worker;173590.35;30-08-1903
29;79490068;Tierney;Connelly;worker;110441.03;20-04-2010
30;79028862;Madeleine;Ledah;doctor;115435.61;07-10-1910
31;79681175;Dorothy;Sisile;doctor;187982.58;12-02-1932
32;79743839;Agnese;Quinn;doctor;188108.89;25-12-1933
33;79715234;Heddie;Francyne;developer;111102.36;19-10-2018
34;79347562;Shirlee;Freddi;doctor;44016.1;07-08-1991
35;79803106;Amalie;Gunn;worker;20934.07;30-06-1953
36;79413510;Leona;Klemperer;firefighter;99220.35;02-06-1918
37;79981214;Hyacinthe;Glovsky;doctor;154820.87;24-06-2009
38;79372205;Mahalia;Riordan;worker;126721.67;14-01-1987
39;79463401;Emmey;Karylin;police officer;80911.19;05-09-1902
40;79470220;Gerrie;Artie;police officer;111884.58;15-10-1958
41;79821182;Livvyy;Old;developer;54705.76;24-06-2011
42;79431688;Corly;Burch;doctor;183639.45;25-02-1922
43;79467407;Lacie;Dalli;doctor;194939.58;13-11-2018
44;79043449;Dorice;Peonir;firefighter;120764.17;22-06-1976
45;79762234;Danny;Harl;doctor;98700.02;02-07-1987
46;79457037;Aurelie;Pozzy;developer;127522.07;27-03-1994
47;79441972;Peri;Shanley;firefighter;45055.27;10-12-1960
48;79567939;Nita;Reidar;worker;187171.31;10-05-1963
49;79018048;Dione;Grayce;developer;163192.63;14-10-1972
50;79082865;Sara-Ann;Mintz;firefighter;98548.01;12-01-2006
51;79371636;Hallie;Nedrud;firefighter;99105.46;23-08-1904
52;79709805;Thalia;Junie;firefighter;88415.19;08-02-1947
53;79543095;Hollie;Wandie;developer;132066.1;12-04-1965
54;79085848;Georgetta;Tannie;firefighter;86986.28;09-02-1970
55;79947397;Lanna;Destinee;developer;199339.52;04-03-1911
56;79187354;Annora;Roscoe;police officer;128867.03;07-02-2009
57;79553968;Anestassia;Kat;doctor;76749.6;21-02-1963
58;79094981;Modestia;Stanwood;doctor;99760.79;04-03-1935
59;79478275;Carilyn;Friede;worker;112003.59;09-09-1956
60;79217510;Jenda;Stefa;worker;196245;25-03-2011
61;79773332;Yvonne;Tillford;worker;176362.75;12-05-2016
62;79271014;Maisey;Georgy;developer;153363.1;22-07-1948
63;79589684;Cristabel;Hunfredo;developer;193861.34;08-12-1941
64;79423161;Kristina;Barney;doctor;64706.02;05-08-1948
65;79641356;Maye;Kauppi;doctor;26347.46;22-06-1977
66;79009367;Cathyleen;Barney;doctor;186110.75;27-01-1972
67;79692976;Carlie;Colp;doctor;121991.15;30-09-1965
68;79278597;Deedee;Goddard;doctor;67634.78;27-02-1940
69;79163740;Hollie;Flyn;worker;154828.25;08-08-1982
70;79749631;Raina;Bahr;firefighter;159899.64;29-06-1960
71;79720195;Lexine;Pillsbury;worker;52621.73;06-09-1932
72;79667152;Dione;Sharl;developer;22882.21;01-07-1924
73;79131000;Sadie;Zeeba;worker;199660.14;22-10-1932
74;79565791;Taffy;Ardeha;doctor;194419.89;11-11-1912
75;79050256;Lucille;Kenwood;police officer;139535.19;19-03-1998
76;79348465;Frieda;Durware;doctor;98920.28;08-04-1962
77;79728534;Basia;Bluh;doctor;110518.03;05-08-1919
78;79148537;Noelle;Trey;firefighter;99217.19;01-11-1976
79;79613240;Oona;Francene;doctor;75868.37;21-01-1910
80;79684747;Rori;Kalinda;developer;49800;21-07-1951
81;79746661;Lynde;Septima;firefighter;32548.59;17-03-2005
82;79708124;Clarice;Riva;developer;164275.73;24-08-1955
83;79622735;Jaclyn;Shelba;worker;159570.48;02-03-1953
84;79019431;Magdalena;Garlinda;developer;176714.54;09-04-2017
85;79924449;Nadine;Lunsford;worker;24978.02;20-05-1900
86;79177707;Libbie;Bobbee;worker;24527.58;22-06-1954
87;79677654;Daphne;Gower;firefighter;89016.77;16-08-1978
88;79890476;Atlanta;Means;police officer;127604.35;17-10-1904
89;79765053;Julieta;Niles;developer;84841.8;29-08-1996
90;79379915;Ketti;Gahl;firefighter;140408.09;20-01-1950
91;79180755;Tatiania;Si;doctor;132760.74;20-11-1940
92;79677000;Cyndie;Braun;firefighter;45352.13;02-05-1948
93;79975725;Perry;Myrilla;firefighter;79044.06;15-01-1963
94;79226229;Reeba;Jagir;developer;154240.74;14-04-1937
95;79362351;Gavrielle;Baptlsta;worker;39589.11;04-07-1964
96;79231750;Neila;Calhoun;developer;90340.24;08-04-1975
97;79587576;Alia;Bartlett;police officer;96873.7;01-06-1938
98;79792426;Linet;Adore;doctor;112705.42;14-11-2008
99;79045903;Augustine;Wattenberg;worker;35885.02;05-10-1972
100;79916856;Cassandra;Thornburg;worker;63460.98;06-11-1964
101;79476689;Quintina;Urania;firefighter;70088.6;17-08-1996
102;79433564;Roxane;Blake;worker;28091.51;17-10-1928
103;79576214;Sashenka;Kauppi;police officer;48748.75;25-07-1979
104;79667659;Helena;Chem;developer;195724.21;26-05-1913
105;79884220;Mariele;Herrera;police officer;157144.3;09-06-1995
106;79460286;Lory;Kathie;developer;65135.07;14-06-1972
107;79736673;Mara;Bahr;worker;36286.78;03-03-1960
108;79695459;Ezmeralda;Gibbeon;police officer;120711.75;29-01-1950
109;79979709;Ethel;Astra;firefighter;80282.59;10-01-1990
110;79105226;Roslyn;Odysseus;developer;103399.77;22-03-1991
111;79824151;Daune;Tayib;doctor;174514.88;28-10-1911
112;79598040;Evaleen;Bluh;police officer;130771.23;28-01-1921
113;79158876;Concettina;Ummersen;firefighter;127465.28;16-02-1999
114;79631239;Tami;Howlyn;firefighter;176477.9;20-04-1969
115;79263874;Xylina;Orelee;developer;78229.52;31-10-1914
116;79532947;Verla;Carlson;doctor;23620.71;14-08-1918
117;79567205;Gisela;Clarissa;police officer;198823.97;22-09-1940
118;79551113;Yolane;Haldas;police officer;136340.89;19-07-1954
119;79242833;Lynea;Erlandson;developer;50498.45;09-09-1929
120;79713293;Benita;Ovid;worker;69979.79;29-05-1963
121;79246770;Queenie;Gordon;developer;59514.07;07-03-1967
122;79942327;Vinita;Hieronymus;firefighter;154702.6;17-12-1996
123;79359888;Vonny;Tristram;police officer;103224.19;09-09-1963
124;79802510;Krystle;Felizio;developer;29619.95;20-05-1947
125;79500759;Catrina;Elo;firefighter;57154.36;20-04-1979
126;79299913;Almeta;Cecile;doctor;117304.06;23-06-1913
127;79610565;Karlee;Shuler;developer;67442.52;09-01-1918
128;79680792;Kaia;Narton;doctor;146718.49;11-09-1960
129;79833381;Charissa;Baylor;doctor;122471.7;05-12-2000
130;79505276;Sandie;Maples;firefighter;101892.75;27-12-1911
131;79470219;Brana;Talia;firefighter;57707.9;10-04-1935
132;79291256;Alia;Audly;police officer;137401.08;29-10-1973
133;79858233;Correy;Wolfgram;doctor;119157.6;21-10-1902
134;79569864;Morganica;Goth;doctor;40713.13;25-08-1940
135;79577728;Madeleine;Longfellow;developer;186635.08;25-04-2013
136;79193431;Hyacinthe;Fosque;police officer;136402.93;14-07-1973
137;79444697;Sabina;Albertine;doctor;70208.21;03-04-1915
138;79442052;Binny;Kenney;doctor;49987.08;16-05-1981
139;79137520;Vinita;Faria;doctor;47361.95;02-01-1986
140;79484388;Berget;Smitt;police officer;164659.29;02-02-1954
141;79886106;Fanny;Amasa;doctor;93778.08;06-12-1984
142;79562206;Roxane;Sherrie;worker;114266.61;15-08-1917
143;79144726;Brandise;Bobbee;police officer;55250.78;11-09-1960
144;79446681;Karina;Skell;doctor;187422.45;27-09-1943
145;79731092;Demetris;Rebecka;firefighter;157823.1;18-10-1915
146;79419793;Arabel;Esmaria;developer;48069.06;13-11-1969
147;79377126;Barbi;Smitt;firefighter;192488.98;19-09-1942
148;79474363;Aili;Neva;firefighter;41622.91;22-01-1951
149;79204181;Janis;Margret;developer;90771.98;28-05-1909
150;79747351;Jaime;Zina;police officer;147792.52;06-03-1957
151;79650246;Althea;Hull;developer;182457.03;09-04-1903
152;79167514;Imojean;Arathorn;doctor;52261.53;28-08-1966
153;79058359;Marika;Cadmar;police officer;67769.94;26-07-1966
154;79126841;Britni;Gemini;doctor;140710.55;03-11-1968
155;79947125;Sidoney;Bury;worker;91923.64;13-03-1968
156;79574141;Quintina;Gerge;police officer;111824.73;09-01-2003
157;79327740;Claresta;Palocz;worker;42944.41;08-01-1987
158;79865732;Latisha;Oneida;doctor;72808.7;29-09-1985
159;79905290;Charlena;Bobbee;firefighter;26271.42;05-02-1909
160;79442886;Babita;Podvin;police officer;61872.63;27-12-1980
161;79398890;Stevana;Naashom;doctor;104614.38;11-06-1943
162;79799894;Rosene;Janith;doctor;160265.54;01-10-1999
163;79622618;Glynnis;Paton;worker;171153.91;25-12-1962
164;79201319;Jean;Trace;worker;128202.65;13-09-1930
165;79093144;Paulita;Randene;developer;151937.92;15-06-1978
166;79551228;Zsa Zsa;Syd;worker;119450.98;19-12-1964
167;79263484;Consuela;Schalles;developer;75614.38;20-12-1991
168;79427805;Marti;Harday;police officer;30980.09;22-09-1995
169;79733568;Doralynne;Vorster;developer;106160.55;20-07-1934
170;79671296;Deedee;Elvyn;doctor;65860.88;03-01-1969
171;79372036;Cecile;Salchunas;police officer;98690.26;20-02-1973
172;79520345;Deloria;Ajay;firefighter;20258.6;22-01-1947
173;79672527;Britte;Rosemary;doctor;161370.82;29-05-1970
174;79695998;Merry;Halla;doctor;118924.77;26-12-1988
175;79939651;Susan;Amadas;police officer;78020.65;13-08-2019
176;79180723;Rebeca;Thad;police officer;51141.8;27-08-2004
177;79767295;Amara;Kiyoshi;firefighter;46886.12;18-11-1909
178;79481027;Averyl;Desai;firefighter;149148.29;23-09-1938
179;79286304;Robbi;Lowry;worker;81552.26;31-07-1984
180;79517412;Bibby;Lumbard;doctor;122160.66;11-04-1927
181;79151498;Mariann;Richers;worker;89261.42;21-02-1938
182;79574694;Carmencita;Johanna;police officer;24808.91;10-04-2012
183;79469286;Kenna;Bandeen;worker;61483.78;24-09-1948
184;79664696;Ida;Gunn;developer;155671.72;11-04-1956
185;79189068;Jackie;Riva;firefighter;123714.17;18-05-2010
186;79356123;Christy;Durware;worker;27041.6;21-10-1911
187;79730475;Lynde;Lauraine;worker;27172.85;15-02-1931
188;79258273;Yetty;Lemuela;firefighter;36159.8;17-06-2019
189;79254337;Georgetta;Vastah;police officer;191436;14-06-1959
190;79958555;Chere;Nelsen;police officer;158939.25;26-07-1980
191;79463361;Gusty;Stilwell;police officer;159308.81;19-11-1970
192;79119267;Sissy;Wattenberg;developer;30658.02;29-01-2013
193;79915352;Edyth;MacIntosh;doctor;164498.88;14-10-1982
194;79173794;Marline;Truc;worker;141352.45;08-10-1939
195;79714436;Janenna;Skurnik;firefighter;146278.65;25-08-1969
196;79425891;Emmey;Burkle;worker;101257.44;14-11-1913
197;79879188;Kellen;Briney;developer;108210.87;06-11-1973
198;79383635;Iseabal;Borrell;doctor;191582.55;18-04-1962
199;79998364;Alameda;Hedve;firefighter;56725.51;09-04-2016
200;79136392;Vonny;Fax;developer;160669.22;14-03-1932
201;79386481;June;Prouty;firefighter;54364.1;14-01-1912
202;79049004;Lulita;Beniamino;developer;121372.64;10-01-1917
203;79055436;Melodie;Nore;firefighter;138608.14;29-06-1930
204;79383428;Wanda;Darrell;worker;112612.54;30-04-1900
205;79573799;Shel;Aurelio;police officer;52652.04;15-04-1969
206;79855071;Kristan;Mintz;police officer;70477.3;22-06-1970
207;79842012;Vivia;Malvino;doctor;96632.38;20-09-1987
208;79626100;Orelia;Noman;doctor;57759.18;08-12-1917
209;79244288;Jolyn;Evangelia;worker;57325.55;06-06-1990
210;79123193;Ada;Bendick;worker;25836.73;09-07-1931
211;79520910;Debee;Rurik;doctor;147148.9;01-07-1921
212;79004981;Dorothy;Brackely;police officer;114585.81;23-10-1910
213;79577884;Justinn;Blake;worker;25825.53;17-10-1990
214;79351311;Laure;Salchunas;police officer;47614.44;28-06-1922
215;79841258;Kathy;Loleta;developer;189806.74;18-04-1917
216;79147547;Maye;Krystle;police officer;57281.83;17-03-1971
217;79677057;Donnie;Alva;developer;130325.99;28-02-1988
218;79766622;Larine;Ashok;police officer;97795.96;26-06-1955
219;79822102;Ida;Weaks;police officer;56367.69;23-01-2006
220;79881900;Ardenia;Ogren;developer;105453.36;12-10-1925
221;79488269;Orelia;Turne;firefighter;67788.91;20-04-1993
222;79990384;Catharine;Weinreb;worker;177367.15;31-03-1939
223;79293619;Constance;Shuler;firefighter;94935.26;15-10-1986
224;79669428;Lila;Moseley;firefighter;45160.05;03-04-1939
225;79292719;Camile;Edmund;firefighter;160417.92;15-06-1975
226;79357317;Beth;Sabella;worker;26415.73;27-06-1971
227;79066114;Melanie;Larochelle;firefighter;159691.51;26-03-1982
228;79842219;Lanna;Natalia;worker;122969.59;19-06-2019
229;79050951;Lucy;Cornelia;developer;34274.24;12-04-1983
230;79361688;Joleen;McNully;police officer;175660.46;04-01-1990
231;79492702;Maud;Larochelle;developer;117154.44;29-07-1955
232;79456386;Josephine;Sekofski;worker;131400.65;24-01-1944
233;79914347;Alisha;Yate;police officer;152734.87;20-09-1925
234;79099471;Karlee;Deegan;developer;36037.01;31-03-1997
235;79711667;Dorice;Cottle;firefighter;112698.57;26-10-1971
236;79484862;Judy;Turne;doctor;29758.01;05-07-1998
237;79701239;Amalie;Ietta;firefighter;88878.47;31-07-1930
238;79098697;Ruthe;Adore;developer;146587.09;12-09-1936
239;79677086;Daune;Remmer;firefighter;109314.07;09-08-2016
240;79381892;Raina;Kelula;police officer;165443.7;25-07-1947
241;79268108;Lindie;Ball;worker;38508.82;22-01-1915
242;79066997;Fanchon;Genna;worker;58476.78;10-08-1932
243;79194183;Emilia;Darrell;police officer;181820.2;08-01-1982
244;79269710;Collen;Jess;worker;23059.86;28-08-1973
245;79092581;Dominga;Beebe;firefighter;82627.84;01-01-1920
246;79651761;Elie;Tamsky;doctor;138086.95;27-11-1965
247;79167087;Imojean;Ranjiv;worker;94941.49;22-07-1991
248;79743337;Olivette;Nadia;doctor;190777.77;01-12-1955
249;79464558;Emylee;Sibyls;firefighter;77764.98;22-06-1989
250;79074368;Elena;Rad;police officer;148239.88;24-05-1996
251;79490633;Elyssa;Lea;firefighter;122619.24;07-10-1929
252;79750766;Randa;Kellby;worker;28895.05;07-06-1914
253;79668450;Mahalia;Beebe;police officer;115628.62;04-06-2003
254;79812192;Betta;Diann;firefighter;187568.97;19-04-1996
255;79715885;Sindee;Bultman;doctor;164613.45;31-10-1944
256;79132323;Ira;Colleen;doctor;171484.9;14-09-1982
257;79228421;Dari;Berne;police officer;22259.66;02-07-1956
258;79728091;Sarette;Jerold;worker;199991.52;02-04-1971
259;79285916;Marika;Hylan;doctor;49118.25;04-04-1953
260;79886401;Caritta;Kunin;worker;161457.91;06-04-1959
261;79676359;Mallory;Ehrman;worker;63379.78;18-11-1904
262;79168715;Nadine;Klotz;doctor;45329.6;04-05-1938
263;79016421;Jacquetta;Rugen;firefighter;90049.47;06-02-1946
264;79194037;Brynna;Suzetta;police officer;188766.52;29-01-1975
265;79598426;Joeann;Naor;police officer;183763.2;05-07-2013
266;79327787;Sybille;Shuler;doctor;194007.22;30-11-1938
267;79921708;Calla;Woodberry;doctor;43877.31;06-11-1924
268;79866108;Lulita;Longfellow;police officer;89484.92;02-06-1980
269;79936171;Lily;Yam;developer;126375.86;17-04-1908
270;79217755;Courtnay;Madelene;worker;164644.11;09-07-1978
271;79955456;Millie;Baylor;developer;98508.58;31-12-1940
272;79833157;Moyna;Angelis;developer;119511.33;03-06-1991
273;79477325;Darlleen;Wandie;doctor;129516.13;21-08-2018
274;79734546;Mady;Travax;worker;172112.11;30-03-1934
275;79116461;Doralynne;Lay;firefighter;147620.27;08-07-1943
276;79862785;Dorice;Tayib;developer;106198.21;19-08-2018
277;79150301;Claudina;Grosz;developer;67950.71;19-07-1926
278;79685112;Felice;Libna;police officer;91622.77;25-01-1969
279;79757802;Zondra;Gordon;developer;97228.11;17-10-1940
280;79198139;Edee;Caitlin;worker;111329.08;25-09-1961
281;79698504;Lucille;Tufts;police officer;83446.46;30-11-2014
282;79384414;Maurene;Astra;police officer;57413.38;29-08-1907
283;79916312;Kathi;Clywd;doctor;56464.97;07-07-1917
284;79667136;Vivia;Lorenz;firefighter;132604.87;14-02-1940
285;79203493;Perry;Lemuela;developer;109489.57;07-01-1959
286;79906127;Agnese;Zamora;worker;37794.8;27-03-1996
287;79098585;Mallory;Buttaro;firefighter;78588.8;11-09-1992
288;79901825;Margarette;Edison;police officer;74052.58;10-05-1966
289;79833933;Roberta;Demitria;firefighter;44182.86;28-01-1926
290;79163706;Daphne;Medrek;firefighter;121267.26;31-10-1954
291;79794941;Fayre;Telfer;developer;123901.77;23-11-1927
292;79009250;Chastity;Hanshaw;doctor;168852.73;13-01-1959
293;79210483;Wynne;Latini;worker;131243.84;15-07-2003
294;79480287;Diena;Germann;doctor;52471.74;30-01-1991
295;79287814;Carlie;Quent;firefighter;52948.07;15-03-1912
296;79078973;Vonny;Noman;developer;95722.74;12-11-2008
297;79996461;Janeczka;Tamsky;firefighter;121747.52;13-10-2017
298;79234532;Albertina;Kermit;developer;125956.19;01-06-1947
299;79985212;Etta;Dorcy;doctor;104524.14;12-01-2016
300;79636247;Tabbatha;Noman;developer;44474.64;16-10-1914
301;79617620;Sybille;Cecile;firefighter;27535.3;13-12-1921
302;79587755;Maridel;Shaddock;developer;40944.12;08-02-1917
303;79504675;Aubrie;Joeann;developer;71619.16;02-08-1909
304;79332110;Ofilia;Norrie;police officer;144301.09;28-07-1935
305;79013486;Misha;Anis;police officer;58374.42;05-03-1923
306;79399589;Ardeen;Bergman;developer;42080.69;14-10-1904
307;79063985;Lory;Eldrid;police officer;40546.05;18-02-1925
308;79320882;Etta;Dunkin;worker;152411.75;12-03-1902
309;79620302;Jinny;Erlandson;worker;170488.11;03-06-1923
310;79055569;Anica;Septima;developer;124970.8;15-05-2019
311;79886655;Lila;Bord;developer;27061.03;11-05-1995
312;79703328;Babita;Lutero;developer;62360.5;17-07-1922
313;79751597;Wynne;Abernon;doctor;192379.25;02-08-1930
314;79407956;Roslyn;Hunfredo;firefighter;111668.1;24-09-2009
315;79281727;Rosaline;Anton;doctor;128838.18;15-03-1963
316;79060883;Marline;Tayib;doctor;171842.86;13-01-1982
317;79941843;Ericka;Romelda;firefighter;53031.17;01-04-1900
318;79518306;Bibby;Bollay;developer;86712.72;04-03-1928
319;79046938;Adelle;Neva;developer;60621.02;06-12-1994
320;79989280;Livvyy;Ortrude;worker;174932.45;24-10-2019
321;79305561;Christal;Nester;developer;132911.73;15-12-2003
322;79478171;Allis;Janith;worker;79236.22;26-10-1932
323;79931193;Caryl;Stephie;doctor;112947.54;15-12-1949
324;79160716;Lizzie;Larochelle;doctor;125262.72;23-08-1907
325;79551613;Shauna;Kat;worker;132753.06;10-08-2009
326;79104833;Adele;Peti;developer;198360.05;14-10-1988
327;79909962;Joleen;Hillel;firefighter;175423.67;13-12-1905
328;79879435;Regina;Bow;developer;61535.91;12-04-1925
329;79283617;Babita;Barney;doctor;190424.22;17-02-2018
330;79873284;Aurore;Noelyn;firefighter;64739.88;28-01-1962
331;79676453;Laurene;Desai;worker;24177.92;12-03-1982
332;79092537;Yvonne;Persse;developer;167092.44;21-10-1928
333;79437290;Donetta;Lenny;developer;83728.83;28-04-1941
334;79766632;Candi;Suanne;police officer;25112.7;06-05-1968
335;79494634;Frances;Azeria;worker;129229.56;13-09-1911
336;79762590;Gratia;Malvino;doctor;82062.99;04-04-1950
337;79959103;Marjie;Honoria;developer;51635.88;28-08-1921
338;79484718;Jeanna;Emerson;worker;121852.27;20-12-1925
339;79421671;Nannie;Brenn;worker;36333.13;19-02-1935
340;79532776;Angelique;Allys;doctor;94153.65;21-03-1955
341;79795528;Wileen;Viddah;developer;62092.31;26-02-2014
342;79426774;Adriana;Braun;doctor;171954.38;05-10-1992
343;79263129;Evita;Myrilla;developer;194025.19;09-02-1925
344;79160470;Rhoda;Lynn;police officer;29543.5;30-05-1968
345;79258124;Georgina;Friede;doctor;35749.19;01-11-1906
346;79474239;Dianemarie;Alfons;doctor;62715.82;14-10-1947
347;79946151;Meg;Othilia;worker;171154.06;28-09-1968
348;79194982;Jorry;Wiener;doctor;196583.4;10-11-1974
349;79634993;Harmonia;Lacombe;worker;112193.7;08-08-1911
350;79239439;Alameda;Yerkovich;doctor;140364.91;12-12-2001
351;79852476;Tomasina;Iphlgenia;firefighter;148817.98;06-09-1969
352;79637589;Jackie;Cynar;worker;90168.51;09-07-1960
353;79859078;Libbie;Nerita;developer;97798.17;12-06-1919
354;79877044;Christy;Annice;doctor;81323.01;30-11-2009
355;79893549;Shell;Charity;worker;25028.16;29-04-1914
356;79443151;Winny;Ader;doctor;24550.09;17-01-1975
357;79885618;Cristabel;Schroth;developer;138647.44;17-08-2011
358;79623951;Valli;Eckblad;police officer;129913.52;16-01-1972
359;79259449;Ursulina;Old;doctor;140561.31;07-07-1931
360;79673199;Dolli;Klemperer;worker;103848.96;23-04-1949
361;79802520;Blake;Nickola;worker;179684.4;25-01-1992
362;79264924;Clementine;Weide;developer;31225.19;26-08-2011
363;79869653;Abbie;Mike;police officer;136517.9;25-05-1988
364;79427747;Marsiella;Emanuel;police officer;71516.95;31-07-1900
365;79225529;Annice;Tremayne;doctor;164435.46;02-09-1924
366;79036442;Deirdre;Anderea;developer;180897.77;08-05-1967
367;79717344;Donetta;Henrie;doctor;67500.02;18-02-1986
368;79494373;Gilda;Burkle;police officer;94190.64;18-05-1969
369;79812605;Joy;Hedve;firefighter;147938.04;24-08-1993
370;79250887;Anallese;O'Carroll;worker;155828.54;26-02-1911
371;79613861;Charlena;Dorothy;police officer;49183.37;09-04-1950
372;79322465;Cherrita;Rustice;police officer;148136.52;31-08-2001
373;79163230;Hermione;Anselmi;doctor;130770.73;10-04-1931
374;79445007;Christy;Thema;worker;146406.35;14-04-1944
375;79766804;Lily;Genna;firefighter;118143.44;01-09-2017
376;79208206;Dolli;McLaughlin;police officer;152646.17;21-06-1987
377;79136064;Joceline;Sharl;worker;95063.85;15-01-1911
378;79910914;Jacquetta;Luhe;doctor;137999.12;04-02-2009
379;79820370;Jolyn;Vale;developer;119076.71;16-05-1913
380;79315109;Steffane;Linehan;police officer;82661.4;29-06-1906
381;79779181;Hollie;Vorster;doctor;95176.33;21-02-1971
382;79133601;Danika;Imelida;worker;163174.03;24-09-1976
383;79774127;Lynde;Juliet;doctor;174519.52;27-08-2000
384;79106942;Lusa;Anton;doctor;40460.7;30-05-1951
385;79989154;Brandise;Garrison;worker;135879.18;25-12-1975
386;79055999;Belva;Sibyls;police officer;139260;25-09-1907
387;79967759;Dorice;Gibbeon;worker;133396.37;13-04-1977
388;79688009;Belva;Pond;worker;117563.76;28-11-1943
389;79921581;Lusa;Nerita;firefighter;44527.52;18-12-1970
390;79000608;Dede;Lail;worker;133176.66;10-09-2018
391;79083598;Wendi;Hirsch;developer;135395;28-02-1967
392;79419244;Marika;Kosey;developer;115876.16;28-02-1983
393;79462837;Renie;Lalitta;doctor;184451;17-02-1992
394;79052154;Merci;Margret;developer;174150.34;13-07-2017
395;79583462;Kerrin;Evvie;doctor;123075.2;20-04-1910
396;79713796;Maryellen;Thad;developer;43917.72;27-09-1941
397;79228259;Darci;Papageno;doctor;93448.9;26-07-1945
398;79719717;Mamie;Selway;worker;82680.75;30-01-1947
399;79851003;Allis;Kiyoshi;developer;149397.88;12-09-1924
400;79481282;Lita;Liva;police officer;62155.43;15-03-1928
401;79664406;Alleen;Ursulette;doctor;87997.5;23-06-1945
402;79880300;Lorne;Kylander;worker;40283.9;24-04-1933
403;79936124;Emilia;Nedrud;worker;83583.52;01-04-1979
404;79490151;Hayley;Kannry;police officer;107081.71;20-10-2017
405;79643594;Collen;Truc;developer;99067.59;29-08-1989
406;79690807;Cassondra;Marsden;police officer;82945.71;03-06-2017
407;79689798;Annice;Weinreb;police officer;149863.36;11-12-1937
408;79867740;Winny;Laurianne;firefighter;85454.07;06-10-1938
409;79480569;Therine;Mintz;worker;44184.35;12-07-1917
410;79854100;Zia;Cutlerr;doctor;20119.55;28-10-1946
411;79324617;Aryn;Maryanne;firefighter;148267.79;05-01-2007
412;79967804;June;Bonilla;developer;149100.77;05-06-1994
413;79395224;Hallie;LaRue;doctor;36639.89;07-04-1907
414;79328708;Mariele;Franza;worker;138574.34;28-04-1954
415;79425593;Rhea;Daveta;firefighter;127160.32;30-11-2009
416;79199817;Lyssa;Burch;developer;114019.47;27-07-1911
417;79136307;Vita;Wu;worker;170762.33;19-08-1975
418;79361026;Sharlene;Natica;developer;199646.19;28-03-1958
419;79286732;Ida;Hollingsworth;developer;75897.09;25-10-1962
420;79372668;Maud;Si;firefighter;175600.76;30-06-1997
421;79590307;Angela;Gregrory;worker;58679.62;27-03-1948
422;79577476;Georgina;Ochs;worker;108815.77;04-11-1958
423;79959687;Aeriela;Braun;firefighter;185613.78;15-09-1950
424;79157053;Celestyna;Malanie;worker;185586.73;14-11-1916
425;79330550;Hildegaard;Terrence;firefighter;189943.42;10-08-1981
426;79093391;Tressa;Stacy;doctor;53771.88;13-08-1951
427;79425607;Fernande;Ietta;developer;70748.25;01-01-1916
428;79916750;Nickie;Daniele;doctor;160491.3;10-03-1943
429;79886918;Ottilie;Gregrory;police officer;180549.34;24-04-1924
430;79689363;Kerrin;Cookie;firefighter;165187.37;09-04-1955
431;79521608;Belinda;Brieta;police officer;156666.17;15-06-1970
432;79558903;Lorenza;Wesle;police officer;64439.21;19-11-1907
433;79884054;Edith;Sabella;worker;68738.48;15-10-1963
434;79428319;Sashenka;Franza;firefighter;21382.16;08-02-2000
435;79644559;Aimil;Heidt;doctor;123151.95;12-11-1972
436;79286591;Linzy;Kiyoshi;police officer;198833.74;07-02-2000
437;79967050;Maryellen;Sekofski;police officer;177392.28;04-06-2007
438;79108643;Aili;Lia;police officer;93648.48;29-03-1909
439;79047227;Zia;Girardo;doctor;94147.59;27-06-1936
440;79455729;Flory;Rolf;police officer;50474.65;16-12-1994
441;79392455;Barbara;Crudden;doctor;45037.47;03-11-2014
442;79321223;Ellette;Curren;developer;135831.81;10-03-1967
443;79608836;Laurene;Loeb;firefighter;58595.98;07-11-1948
444;79488299;Mureil;Ferrell;police officer;59350.42;07-08-1966
445;79225187;Juliane;Khorma;worker;89217.29;15-07-1928
446;79913916;Gaylene;Japeth;doctor;180119.25;15-10-1968
447;79920771;Orsola;Harriman;worker;156796.97;08-04-1969
448;79238075;Hallie;Baudin;firefighter;104271.24;24-08-2008
449;79593483;Joy;Burnside;police officer;161557.86;12-10-1911
450;79292909;Dolli;Lorain;developer;155709.94;05-06-1920
451;79139034;Jorry;Jillane;doctor;193809.73;09-08-2015
452;79675356;Cristabel;Kamaria;firefighter;58255.13;26-12-1941
453;79675984;Fernande;Hathaway;developer;163094.96;28-04-2006
454;79986170;Caritta;Podvin;doctor;178628.55;14-09-1954
455;79967749;Leontine;Marlie;developer;89094.86;11-06-1999
456;79746968;Lucy;Adalbert;police officer;51258.47;18-01-2015
457;79299918;Rosabelle;Afton;firefighter;116394.71;04-02-1933
458;79762975;Teriann;Lesley;developer;42885.19;20-02-1939
459;79830254;Zsa Zsa;Talia;firefighter;180198.39;26-11-1974
460;79709719;Alameda;Vharat;developer;120144.06;13-07-1942
461;79945134;Keelia;Sisile;police officer;198411.05;20-10-1947
462;79642434;Thalia;Emmy;developer;181118.86;02-04-1998
463;79061015;Blondelle;Harriman;developer;165233.87;23-11-1989
464;79019220;Natka;Brandice;police officer;24700.59;19-07-1909
465;79763796;Cherilyn;August;doctor;124604.6;20-09-1905
466;79415141;Millie;Greyson;worker;51251.78;29-06-1979
467;79736610;Magdalena;Pandolfi;doctor;24489.77;11-12-1968
468;79873466;Elvira;Xerxes;police officer;134926.06;11-06-1941
469;79414729;Corly;Autrey;worker;137471.01;13-09-1905
470;79686724;Ivett;Wyn;firefighter;124177.64;17-01-2006
471;79595967;Gisela;Talia;doctor;186970.91;26-07-1910
472;79693807;Bill;Kellby;police officer;108873.06;17-10-1987
473;79483571;Allis;Constancy;doctor;60045.56;18-05-1932
474;79622720;Deirdre;Cleavland;firefighter;164570.51;10-06-1972
475;79453986;Cassandra;Leler;police officer;191561.52;27-09-1920
476;79982511;Christian;Narton;doctor;75524.61;23-12-1987
477;79278256;Robbi;Charity;police officer;116087.05;10-08-1960
478;79951517;Gianina;Garlinda;worker;155480.25;26-11-1981
479;79639088;Carly;Martsen;doctor;157764.41;01-06-1989
480;79196303;Hayley;Seagraves;worker;70719.01;10-01-1931
481;79689515;Ardys;Georgy;doctor;136688.03;22-06-1992
482;79399848;Stevana;Anyah;firefighter;153055.99;30-11-2012
483;79241144;Jean;Erich;firefighter;47261.42;29-12-1904
484;79120784;Althea;Hebner;developer;167316.71;15-07-1910
485;79520185;Sarette;Sammons;firefighter;102552;09-07-2010
486;79780265;Sophia;Leonard;worker;71403.33;06-08-1965
487;79761751;Aili;Muriel;doctor;166073.92;01-02-2014
488;79467509;Gretal;Riva;doctor;122218.64;20-05-2002
489;79807576;Wanda;Fitzsimmons;firefighter;161966.08;12-11-1939
490;79157797;Siana;Howlyn;police officer;196342.87;10-03-1969
491;79395432;Roseline;Iaverne;developer;84838.51;20-03-1902
492;79725771;Moyna;Karylin;developer;101223.32;03-08-1946
493;79520332;Annecorinne;Abram;developer;172366.27;31-12-1914
494;79256623;Beatriz;Edison;developer;137479.74;30-10-2019
495;79363800;Halette;Lorenz;firefighter;129937.63;04-09-1924
496;79040795;Asia;Naor;police officer;56894.31;17-02-1994
497;79112491;Gwenneth;Armanda;doctor;76459.17;25-04-1956
498;79666507;Nanete;Korey;developer;158990.62;21-08-1920
499;79517395;Sherrie;Ciapas;police officer;189825.1;16-02-1911
500;79010239;Farrah;Swanhildas;developer;69024.47;18-03-1914
501;79867040;Ardeen;Miru;worker;141099.38;11-01-1973
502;79605900;Marinna;Saree;worker;37265.03;15-10-1928
503;79773718;Maridel;Ochs;worker;122793.78;07-04-1973
504;79537718;Riannon;Bury;developer;86974.01;30-07-1988
505;79778198;Fred;Yerkovich;doctor;118031.67;12-01-1992
506;79678944;Molli;Agle;doctor;169952.04;19-10-1966
507;79522250;Amara;Lewes;firefighter;144232.22;17-01-1995
508;79142919;Linzy;Zenas;worker;172786.93;21-11-1933
509;79444447;Collen;Chaing;worker;143397.03;03-03-2001
510;79090381;Dacia;Natalia;doctor;44577.72;09-05-1932
511;79611234;Jorry;Etom;worker;104942.48;07-12-1981
512;79582521;Julieta;Kendrick;developer;59559.23;28-06-1989
513;79187327;Lorenza;Kosey;firefighter;149826.06;21-02-1972
514;79821098;Wendi;Land;police officer;190575.24;01-07-2015
515;79333432;Lynea;Seagraves;firefighter;74947.08;28-03-1970
516;79468696;Mignon;Wallis;developer;99812.05;19-12-1929
517;79366665;Elsie;Ledah;firefighter;59146.5;11-05-1934
518;79572477;Doralynne;Goddard;worker;102053.41;18-11-1980
519;79551938;Rhoda;McClimans;firefighter;44741.03;09-10-1933
520;79024526;Ilse;Malina;firefighter;22819.06;14-03-1903
521;79890949;Raina;Johnsson;worker;36600.68;21-07-1987
522;79428307;Roslyn;Rad;firefighter;44439.49;02-05-1911
523;79527015;Dagmar;Breed;police officer;137413.39;15-12-1970
524;79749301;Kathi;Zamora;doctor;97297.37;16-04-1971
525;79437316;Clementine;Weitman;firefighter;36895.47;11-06-1947
526;79580688;Jillayne;Tiffa;developer;186464.42;12-07-2012
527;79758825;Maisey;Garbe;developer;186899.74;10-05-1953
528;79723170;Dode;Ferrell;police officer;117903.16;21-03-1984
529;79215983;Sharai;Terencio;firefighter;111234.97;21-01-1917
530;79857325;Raquela;Ricarda;worker;64038.41;29-08-1979
531;79721753;Dede;Ventre;doctor;70211.63;29-06-1964
532;79138112;Brynna;O'Neill;police officer;104199.63;14-07-1941
533;79334675;Florencia;Amethist;doctor;151000.81;02-11-1963
534;79903579;Alyssa;Isacco;firefighter;185151.56;07-08-1966
535;79507582;Di;Pulsifer;firefighter;52299.09;05-01-1914
536;79630482;Leanna;Saree;police officer;153909.5;08-11-1976
537;79554821;Jemie;Chem;police officer;27786.01;29-10-1944
538;79158514;Sue;Reneta;doctor;112529.56;12-06-1954
539;79047338;Gaylene;Rheingold;developer;35912.33;15-11-1961
540;79947977;Catrina;Sprage;doctor;175005.31;02-07-1934
541;79592141;Alie;Gaulin;firefighter;189872.34;01-08-1973
542;79496872;Janis;Pierette;doctor;172572.12;05-03-1976
543;79003838;Brietta;Braun;worker;172246.08;23-08-1915
544;79637239;Fidelia;Byrne;firefighter;100366.29;02-03-1953
545;79414902;Cam;Maribeth;worker;185484.14;04-09-1900
546;79627678;Gaylene;Azeria;worker;50093.79;04-05-1995
547;79119111;Gusella;Hanshaw;firefighter;105800.49;26-11-1942
548;79173966;Aryn;Lemuela;doctor;89626.45;30-06-1975
549;79994243;Shandie;Hirsch;police officer;116431.78;28-07-1999
550;79408377;Maryellen;Mintz;firefighter;186507.01;04-01-1902
551;79448348;Caressa;Alcott;worker;190024.72;01-01-1949
552;79947073;Vevay;Nester;firefighter;183131.03;04-12-1928
553;79174217;Frank;Nance;firefighter;69500.43;22-02-1985
554;79804517;Mary;Rudolph;developer;181217.19;05-04-2010
555;79188808;Sophia;Connelly;firefighter;113041.94;22-03-2000
556;79696555;Imojean;Socha;firefighter;141452.41;11-05-1985
557;79288628;Sara-Ann;Fancie;firefighter;185743.35;22-01-1919
558;79632519;Suzette;Magdalen;doctor;148750.36;25-07-2009
559;79807450;Gabi;Damarra;developer;174938.3;23-10-2006
560;79610774;Paule;Corrine;doctor;86362.13;25-10-1908
561;79276811;Wendi;Hertzfeld;worker;93687.18;04-01-1968
562;79269518;Lita;Bonucci;firefighter;177870.6;04-06-1929
563;79690888;Mady;Edvard;firefighter;28370.02;04-08-1984
564;79062466;Stevana;Montgomery;worker;131012.2;09-12-1975
565;79707798;Micheline;Hurley;doctor;111478.9;08-01-2016
566;79294384;Dania;Cordi;worker;31659.36;02-05-2004
567;79230979;Nananne;Lutero;doctor;127392.45;03-07-1927
568;79337567;Dennie;Ax;developer;143309.74;11-05-2000
569;79385366;Marsiella;Wildermuth;worker;131516.16;08-01-1975
570;79316865;Cassondra;Burnside;developer;66410.54;05-03-1976
571;79025140;Gertrud;Hutchison;doctor;58677.59;24-12-1940
572;79539551;Devina;Pozzy;developer;198695.71;26-03-1975
573;79068861;Beverley;Mayeda;developer;26041.17;22-01-1940
574;79818503;Constance;Heisel;doctor;198128.61;23-09-1924
575;79722826;Ekaterina;Radu;police officer;55895.55;09-04-1997
576;79008748;Wileen;Schlosser;worker;199401.6;04-12-1901
577;79073807;Adelle;Marden;worker;153708.34;21-02-1934
578;79988579;Flo;Celestine;developer;113432.49;16-02-1964
579;79535328;Tiffie;Jary;developer;82251.92;04-09-1960
580;79664751;Gisela;Hoenack;worker;27979.38;18-08-1919
581;79575560;Correy;Dearborn;doctor;80088.52;21-09-1918
582;79328919;Bobinette;Loring;police officer;50459.57;18-11-1900
583;79928161;Sashenka;Ingra;firefighter;71825.14;02-09-2019
584;79503810;Karlee;Carlson;developer;58665.41;22-01-1917
585;79725225;Chastity;Chinua;police officer;41271.78;24-03-1992
586;79305550;Feliza;Urania;developer;116193.77;22-03-1973
587;79226959;Jacquetta;Fillbert;firefighter;25724.68;06-11-1943
588;79322977;Goldie;Iiette;firefighter;38852.88;27-04-1913
589;79224809;Charmaine;Drus;doctor;138912.08;06-08-1951
590;79546800;Rosanne;Earlie;developer;142059.52;06-08-1979
591;79869296;Johna;Sawtelle;firefighter;167877.43;15-02-1977
592;79691643;Dyann;Emmaline;developer;56542.72;22-02-1916
593;79854372;Lenna;Miru;worker;113407.97;04-09-1979
594;79636602;Winny;Wandie;police officer;35581.61;16-03-1988
595;79291215;Kimberley;Gilbertson;developer;76312.26;18-12-1955
596;79700416;Candi;Tengdin;firefighter;101928.4;26-04-1980
597;79792720;Anica;Viddah;developer;81260.07;21-09-1989
598;79177170;Glenda;Tyson;worker;161028.77;26-03-1981
599;79704671;Nananne;Flita;police officer;186872.44;06-06-1906
600;79753361;Amelia;Knowling;firefighter;122885.21;18-07-1983
601;79256114;Aili;Ventre;firefighter;160948.93;01-07-1991
602;79170654;Emylee;Genna;doctor;169456.08;09-12-1998
603;79632141;Bobinette;Kaja;worker;57604.33;05-04-1970
604;79739199;Valli;Lewes;doctor;54002.44;16-08-1951
605;79537369;Bertine;Hanshaw;firefighter;179655.24;31-01-1982
606;79871029;Genovera;Ogren;worker;53569.58;29-08-1984
607;79109217;Madeleine;Monk;police officer;194870.64;14-01-1927
608;79518611;Ketti;Pozzy;police officer;72526.46;15-12-1987
609;79946823;Frank;Carri;worker;48400.86;03-04-1960
610;79120308;Beatriz;Bettine;doctor;101124.56;29-09-1992
611;79361247;Vivia;Pacorro;firefighter;104310.82;17-03-2006
612;79437764;Vivia;Oneida;police officer;63841.29;15-02-1936
613;79197076;Reeba;Rossner;police officer;182995.08;03-08-1904
614;79720439;Rivalee;Dituri;doctor;79966.76;05-11-1943
615;79907108;Zia;Colp;firefighter;129720.23;06-12-1985
616;79853291;Lilith;Anis;firefighter;161022.84;20-02-1927
617;79579259;Mahalia;Fink;doctor;26260.43;09-04-1953
618;79071205;Liana;Magnolia;firefighter;120552.55;12-12-1991
619;79035647;Neila;Eben;worker;111956.94;30-10-1930
620;79177683;Eadie;Shelba;worker;52071.46;24-01-1976
621;79787662;Aimil;Pip;doctor;128775.86;04-04-1906
622;79303432;Cathie;Naashom;police officer;121046.64;07-11-1918
623;79685028;Brynna;Decato;police officer;166914.82;18-12-1922
624;79779894;Ada;Hurley;firefighter;161044.36;06-11-2018
625;79347854;Kristina;Roumell;worker;33272.75;26-01-2007
626;79868559;Monika;Kelula;police officer;62880.2;17-07-2009
627;79951356;Vivia;Wareing;developer;147124.38;20-06-1951
628;79175992;Arlena;Ovid;developer;162217.23;25-07-1905
629;79476569;Layla;Lia;police officer;177838.37;12-03-1960
630;79755995;Caressa;Dawkins;police officer;145093.81;19-04-2005
631;79688334;Gusty;Garek;doctor;174244.52;03-01-1932
632;79241908;Fayre;Fink;police officer;193705.8;08-08-1948
633;79086517;Penelopa;Isacco;worker;157684.03;12-07-2016
634;79196044;Elvira;Holbrook;police officer;135357.71;11-12-1940
635;79208620;Lorie;Dulciana;police officer;38084.84;16-10-1915
636;79072698;Cissiee;Jerold;developer;162971.15;17-09-1996
637;79042302;Marjie;Fiester;police officer;178752.06;12-09-2002
638;79904186;Celene;Hanshaw;doctor;153685.4;27-08-1999
639;79414417;Amalie;Croix;worker;85101.71;12-09-1913
640;79932672;Cristine;Kunin;worker;80538.19;16-04-1984
641;79158510;Sashenka;Geffner;worker;104769.1;05-02-2018
642;79628045;Emelina;Chauncey;doctor;190240.11;20-04-1907
643;79451088;Dale;Malina;doctor;170097.88;17-12-1958
644;79134859;Krystle;Flyn;doctor;160321.46;15-04-1962
645;79310081;Karly;Skell;worker;56518.89;17-06-1947
646;79056226;Mara;Fitzsimmons;developer;91026.72;28-11-1930
647;79946300;Amelia;Kunin;doctor;46153.33;20-12-2008
648;79826802;Lolita;Krystle;worker;123675.33;02-11-1977
649;79313658;Raf;Moseley;worker;114323.21;14-01-1987
650;79263878;Candy;Raimondo;police officer;196074.71;10-01-1928
651;79044441;Meg;Rustice;worker;89853.89;27-05-1907
652;79857549;Chrystel;Bryna;developer;147425.17;05-12-2016
653;79146054;Tressa;Kunin;worker;23711.71;12-12-1968
654;79013096;Aimil;Roumell;developer;187142.22;19-06-1928
655;79462861;Keelia;Vanni;doctor;146810.73;08-03-1901
656;79380274;Tierney;Gale;developer;197046.25;13-03-1977
657;79751518;Ketti;Hachmin;firefighter;31504.17;26-11-2009
658;79719181;Perry;Belldas;developer;48100.35;20-04-2015
659;79592930;Cassondra;Cimbura;doctor;199631.3;25-12-1941
660;79035822;Gerianna;Erskine;developer;185354.89;03-03-1913
661;79532956;Julieta;Bergman;doctor;185529.76;01-08-1991
662;79114304;Dianemarie;Maiah;doctor;93556.58;02-02-1952
663;79770779;Lusa;Lipson;doctor;60248.14;18-12-2007
664;79543800;Celene;Ehrman;doctor;117631.89;24-06-1964
665;79390046;Jany;Deny;worker;140580.73;11-02-1940
666;79607347;Lulita;Kussell;firefighter;91931.79;16-03-1930
667;79910077;Danny;Candy;firefighter;103107.52;13-07-1982
668;79284016;Karly;Cleavland;firefighter;22993.85;04-10-1993
669;79063132;Ann-Marie;Vharat;developer;57567.73;26-12-1908
670;79001778;Latisha;Zeeba;firefighter;145971.89;23-04-1919
671;79204142;Daphne;Jacobah;police officer;75695.65;15-09-1990
672;79751675;Raquela;Lindemann;developer;124014.35;18-08-1903
673;79414570;Gui;Mandler;developer;165352.47;25-09-2010
674;79251457;Nonnah;Ader;worker;109294.09;03-05-1964
675;79792346;Hettie;Waite;firefighter;101421.91;08-03-2007
676;79485163;Mahalia;Colbert;developer;127009.09;21-02-2015
677;79100338;Stacey;Dermott;police officer;172882.95;08-11-1911
678;79510602;Selia;Elvyn;police officer;138030.51;27-09-1980
679;79609386;Thalia;Frendel;police officer;168867.01;29-01-2018
680;79635803;Orelia;Eiser;doctor;33546.83;18-07-1966
681;79939574;Britte;Zaslow;doctor;187002.67;23-11-1993
682;79788911;Felice;Elsinore;firefighter;58176.33;30-01-2010
683;79350900;Olwen;Lunsford;police officer;157255.81;15-09-1924
684;79869413;Ileana;Lory;police officer;180209.34;16-01-1970
685;79391786;Nollie;Willie;doctor;106185.94;16-09-1933
686;79545182;Dorene;Cyrie;firefighter;121476.83;22-12-1943
687;79435427;Tersina;Weitman;police officer;25917.22;17-12-1988
688;79061332;Teriann;Richers;police officer;77950.58;21-08-1934
689;79295255;Marcelline;Delp;worker;150453.12;13-04-1934
690;79134882;Pearline;Ajay;worker;123942.36;25-02-1960
691;79379501;Belva;Berne;worker;108548.06;07-12-1947
692;79158139;Magdalena;Thilda;doctor;65501.84;16-07-1973
693;79585997;Kristina;Gabrielli;firefighter;68815.93;12-06-1972
694;79752004;Alameda;Flyn;developer;128408.11;31-05-1928
695;79984372;Britni;Kravits;doctor;99844.03;10-08-1923
696;79748610;Aubrie;Pozzy;worker;37410.14;22-12-1953
697;79824564;Nessie;Center;developer;177931.21;15-12-1944
698;79304610;Fanny;Gordon;firefighter;190536.79;24-05-1924
699;79950445;Chrystel;Giff;developer;166540.65;07-12-1974
700;79103973;Althea;Amand;police officer;164358.85;20-12-1952
701;79880546;Alyssa;Jenness;firefighter;94816.05;18-09-1910
702;79592092;Nickie;Atonsah;police officer;165694.02;03-07-1931
703;79825103;Talya;Ciapas;worker;20435.03;28-11-1970
704;79517243;Cathyleen;Phaidra;doctor;35349.51;23-10-1997
705;79789268;Katuscha;Dorine;police officer;191516.02;08-03-2011
706;79267948;Mariele;Neva;developer;83229.52;25-06-1926
707;79801338;Brooks;Sekofski;police officer;188234.95;03-07-2005
708;79162197;Yetty;Linskey;doctor;71798.46;25-03-1929
709;79852114;Nelle;Gaynor;developer;197429.25;30-12-1953
710;79100349;Corry;Maribeth;worker;56899.58;13-02-1929
711;79813714;Gusella;Mott;doctor;74186.14;20-12-1949
712;79663158;Cordi;Erskine;worker;23533.88;15-10-1993
713;79396951;Georgina;Ailyn;doctor;62490.66;02-01-1902
714;79634442;Shel;Therine;firefighter;146476.96;02-04-2015
715;79371829;Myrtice;Salvidor;developer;167736.03;13-07-2014
716;79808064;Misha;Ralfston;developer;136520.46;10-12-1929
717;79961112;Jeanna;Pauly;firefighter;179180.87;08-06-1902
718;79820966;Courtnay;Dunkin;worker;181603.67;08-07-1980
719;79212861;Nadine;Berard;firefighter;23666.51;13-11-1933
720;79717892;Gratia;Merell;developer;46618.23;19-12-1922
721;79409471;Amalie;Berl;developer;41725.32;21-01-1972
722;79605236;Ethel;Sallyann;doctor;75286.38;15-07-1975
723;79719061;Kerrin;Vanni;police officer;163624.94;31-05-1905
724;79745960;Kirbee;Hubert;police officer;48577.35;19-11-1982
725;79017140;Aigneis;Anderea;developer;49162.4;26-02-1956
726;79452802;Silvana;Hewitt;police officer;197443.01;03-03-1956
727;79677519;Aurore;Jotham;developer;155967.56;07-11-2008
728;79652110;Peri;Andrel;doctor;77980.16;16-08-1986
729;79750168;Viviene;Hillel;worker;75334.63;13-04-1932
730;79302914;Ardenia;Donell;firefighter;138318.78;11-10-1936
731;79359106;Elsie;Kevon;firefighter;50994.32;11-04-2014
732;79901950;Patricia;Marsden;developer;172795.79;26-12-2006
733;79543936;Hildegaard;Bultman;firefighter;156609.07;30-05-1987
734;79156031;Sheelagh;Melony;firefighter;184993.92;12-07-1978
735;79843051;Darci;Bandeen;doctor;62740;24-08-1959
736;79647028;Halette;Reinke;worker;174920.01;15-08-1927
737;79668095;Dominga;Noman;doctor;172699.51;07-11-1919
738;79128710;Lizzie;Diann;doctor;171281.53;19-06-1975
739;79752775;Eolanda;Izaak;police officer;90944.29;16-06-1911
740;79170245;Vinita;Willie;doctor;125114.58;10-01-2019
741;79222797;Nessie;Gusella;police officer;137436.81;11-07-1918
742;79181582;Lucille;Revkah;worker;47232.05;11-05-1910
743;79758701;Desirae;Gwenore;worker;141220.78;15-05-1968
744;79450591;Melodie;Fitzsimmons;developer;32407.7;15-06-1992
745;79544384;Steffane;Arvo;worker;35698.64;03-07-2005
746;79494627;Christian;Selway;worker;163320.57;07-10-1986
747;79448189;Ruthe;Pitt;worker;83357.31;05-10-1937
748;79471670;Hyacinthe;Zachary;developer;62147.35;14-11-1942
749;79226016;Tabbatha;Tengdin;worker;145692.29;21-04-1903
750;79513517;Mellicent;Ioab;firefighter;140784.95;27-11-1938
751;79006232;Leia;Nunci;doctor;148806.94;20-05-1943
752;79422978;Marleah;McNully;police officer;123487.52;09-09-2005
753;79602171;Bibby;Autrey;worker;147691.26;18-04-1947
754;79558325;Cristine;Devlen;doctor;54441.22;11-04-1976
755;79023288;Giustina;Iphlgenia;firefighter;146598.24;27-09-2003
756;79522919;Janey;Chem;worker;53628.41;11-01-1944
757;79199540;Louella;Hillel;doctor;56401.82;30-09-1911
758;79812468;Leona;Newell;police officer;23300.72;20-10-2006
759;79981090;Janis;Talia;firefighter;156717.13;17-10-1964
760;79417228;Darci;Cordi;firefighter;131234.29;08-04-1988
761;79036435;Sabina;Hazlett;doctor;167187.72;26-09-1933
762;79577550;Alie;Darrell;doctor;109356.15;09-07-1979
763;79155469;Starla;Catie;police officer;179611.86;01-02-1903
764;79861948;Chloris;Brunell;firefighter;40762.92;24-02-1924
765;79365712;Fawne;Rosette;worker;74994.14;04-09-1926
766;79740047;Agnese;Daveta;firefighter;37874.68;26-12-1937
767;79286800;Joceline;Anselmi;firefighter;130241.93;03-04-2019
768;79077911;Paulita;Decato;doctor;170634.95;30-05-2006
769;79288269;Britni;Bouchard;developer;99983.56;09-04-1950
770;79030624;Agathe;Ader;developer;195241.71;10-09-1908
771;79169419;Minda;Viddah;developer;135416.05;10-07-2018
772;79906867;Rhea;Sherfield;developer;104520.9;31-12-1913
773;79886001;Ebonee;Noelyn;worker;189865.9;24-08-2012
774;79666158;Wendi;Lay;doctor;160919.67;30-07-1950
775;79196694;Bee;Christal;doctor;35706.29;11-12-1927
776;79471352;Ellette;Faust;firefighter;71057.71;05-03-2004
777;79270667;Shirlee;Charity;firefighter;130782.86;13-11-1918
778;79366620;Myrtice;Campball;police officer;138027.85;21-09-1955
779;79572827;Clo;Braun;worker;63963.84;26-07-1982
780;79886374;Ingrid;Nedrud;police officer;189851.44;09-08-1912
781;79203769;Goldie;Nance;doctor;125013.53;20-02-1943
782;79541741;Robbi;O'Carroll;doctor;149610.96;28-11-1994
783;79864534;Briney;Madox;doctor;35275.99;29-12-2018
784;79840530;Marylou;Atcliffe;doctor;104347.8;18-08-1969
785;79267873;Rhoda;Maryanne;doctor;113741.97;05-11-1908
786;79622979;Ursulina;Brodench;police officer;94958.5;08-05-1997
787;79664371;Daphne;Nedrud;police officer;61972.92;05-07-1983
788;79251315;Gabriellia;Latini;firefighter;89385.77;28-04-1960
789;79509321;Winny;Anderea;doctor;139605.81;01-09-2019
790;79441708;Ayn;Montgomery;firefighter;72883.81;11-07-1940
791;79955966;Ivett;Schalles;doctor;128652.8;22-03-1955
792;79010071;Kara-Lynn;Lemuela;firefighter;38155.72;05-06-1964
793;79926371;Jillayne;O'Rourke;worker;103743.65;15-10-2006
794;79060826;Petronia;Daegal;developer;71464.72;28-06-1953
795;79997968;Gabriellia;Mallon;worker;106554.21;25-01-1942
796;79057314;Shannah;Alabaster;doctor;42958.62;27-07-1947
797;79761977;Abbie;Henrie;worker;120219.25;12-02-2013
798;79454900;Tabbatha;Claudine;worker;179470.77;28-02-1928
799;79109710;Kristan;Darbie;developer;136201.25;04-11-2006
800;79410350;Tersina;Burkle;developer;198987.79;21-09-1997
801;79866490;Kelly;Urias;police officer;172459.72;03-03-1988
802;79057763;Cindelyn;Schonfeld;doctor;115010.86;31-05-1928
803;79957293;Arlina;Dulciana;police officer;79750.99;03-07-1996
804;79632733;Susan;Ietta;doctor;141939.33;02-11-1953
805;79994852;Yolane;Trey;firefighter;62873.8;08-05-1954
806;79368001;Catrina;Roarke;worker;54356.25;11-01-1927
807;79171428;Donetta;Frodi;doctor;146984.18;04-04-1908
808;79113955;Aryn;Lowry;doctor;157358.45;25-10-1902
809;79142951;Mathilda;Audly;police officer;180975.34;17-06-2011
810;79989226;Nickie;Munn;firefighter;63560.43;29-04-1987
811;79187982;Amii;Ralfston;doctor;28329.07;12-11-1990
812;79739537;Dorene;Edee;police officer;55393.13;05-10-1911
813;79429139;Melanie;Calhoun;police officer;106263.07;17-01-1993
814;79798240;Fred;Pettiford;firefighter;191825.34;04-10-1939
815;79928320;Janeczka;Moina;worker;198199.02;31-03-1989
816;79607194;Wendi;Reneta;police officer;197346.72;31-10-1907
817;79288257;Dawn;Nahum;doctor;174436;01-01-1960
818;79850556;Myrtice;Harriman;firefighter;82990.73;19-06-2015
819;79374908;Dulce;Andrel;worker;72107.62;15-07-1908
820;79467247;Stevana;Tomasina;doctor;124227.6;11-05-1944
821;79019555;Asia;Mullane;police officer;47163.71;04-01-1936
822;79420813;Alexine;Brady;firefighter;188769.79;26-04-2008
823;79340735;Claresta;Maurine;police officer;96318.23;11-11-1916
824;79162347;Rozele;Kaja;police officer;66483.05;17-10-1960
825;79541197;Tomasina;Byrne;worker;126371.59;17-10-1917
826;79367812;Maurene;Orelee;police officer;20495.45;19-06-1925
827;79894390;Sarette;Lacombe;worker;135605.61;31-01-1997
828;79217101;Leia;Durante;doctor;136027.94;23-08-1924
829;79870466;Kristan;Donell;doctor;112159.02;10-07-1961
830;79931805;Marti;Kevon;doctor;143482.53;13-04-1958
831;79638571;Helena;Aaberg;firefighter;173631.6;01-03-1922
832;79500454;Jinny;Rossner;police officer;63044.73;25-09-1943
833;79079148;Britni;Wenda;firefighter;111215.27;05-09-1913
834;79092284;Babita;Gower;firefighter;162995.32;05-01-1993
835;79550844;Sheelagh;Aldric;firefighter;142035.68;17-06-1914
836;79672165;Adelle;Bahr;doctor;140349.32;13-02-1968
837;79333244;Darci;Eben;developer;175506.36;09-04-1915
838;79136020;Sharai;Ahab;doctor;192174.18;24-07-1938
839;79761226;Bee;Tayib;firefighter;84036.94;13-01-1993
840;79470239;Magdalena;Shaddock;worker;62999.44;27-02-2006
841;79911916;Cecile;Simmonds;firefighter;182347.69;01-11-1936
842;79031178;Fawne;Sundin;worker;106170.01;11-03-1961
843;79235704;Tami;Vilma;police officer;68038.05;21-12-1991
844;79697683;Brynna;Astra;worker;23914.15;01-03-1952
845;79381764;Orelia;Helve;doctor;26334.28;02-12-1990
846;79034790;Sadie;Konyn;police officer;117586.5;19-11-1919
847;79464524;Agnese;Sherfield;worker;45216.82;11-01-1975
848;79117843;Maryellen;Carmena;developer;88022.82;20-08-1957
849;79489929;Barbara;Bebe;police officer;179423.66;24-11-1967
850;79950101;Jenda;Pulsifer;developer;54368.17;16-03-1940
851;79409406;Ardys;Lissi;worker;35329.3;10-11-1961
852;79767144;Ardys;Mauer;worker;142438.07;07-10-1914
853;79167438;Ira;Ehrman;worker;197790.34;01-01-1942
854;79077058;Justinn;Seessel;police officer;158646.14;25-10-1911
855;79005508;Shaylyn;Bryna;developer;111047.3;14-09-1958
856;79219016;Cristabel;Colleen;worker;167188.16;12-04-1988
857;79344114;Sheelagh;Dorine;developer;192597.55;19-04-1956
858;79962367;Halette;Dimitris;developer;33023.2;23-03-1945
859;79222191;Monika;Emmy;doctor;113881.22;07-09-1951
860;79820121;Joy;Clara;developer;84635.77;06-12-1999
861;79050108;Briney;Capello;firefighter;29027.15;20-03-1951
862;79385370;Ericka;Arne;worker;83603.96;23-02-1952
863;79767576;Ida;Lorenz;police officer;45524.63;23-10-1908
864;79724544;Anestassia;Estella;police officer;21240.61;01-01-1944
865;79725125;Coral;Rossner;doctor;164622.06;28-04-1990
866;79732918;Georgetta;Martsen;worker;37675.52;21-06-1929
867;79146528;Deloria;Seligman;developer;190767.54;01-10-1922
868;79831687;Marsiella;Gherardo;doctor;183461.89;17-11-2006
869;79515679;Fernande;Ciro;doctor;66453.55;11-02-1966
870;79080975;Annaliese;Kiersten;worker;90028.66;27-02-1931
871;79143709;Frank;Suanne;police officer;46182.45;17-03-1998
872;79767787;Gwyneth;Frodi;firefighter;57061.81;04-06-2013
873;79269534;Dede;Socha;doctor;164432.68;20-03-2004
874;79157244;Caritta;Klotz;developer;152498.85;04-02-1943
875;79127516;Paola;Soneson;developer;144417.93;31-03-1963
876;79670318;Marnia;Myrilla;worker;32998.35;13-03-1910
877;79126029;Hettie;Sperling;doctor;180433.71;27-02-2007
878;79975158;Louella;Glenden;doctor;111926.22;25-03-1930
879;79370770;Bill;Genna;doctor;123304.67;04-02-2000
880;79675847;Anthia;Marsden;firefighter;43953.38;03-02-1981
881;79865020;Vita;Melan;doctor;98217.76;26-12-1911
882;79370448;Quintina;Meter;doctor;80631.8;01-12-1920
883;79780927;Olwen;Lane;firefighter;132491.71;06-12-1966
884;79260848;Marinna;Tremayne;developer;94338.77;14-02-1973
885;79480404;Sandie;Jefferey;police officer;20276.21;19-06-1978
886;79883750;Valeda;Greenwald;firefighter;72369.49;24-10-1997
887;79676123;Anthia;Bonilla;firefighter;73331.41;11-06-1955
888;79043322;Roz;Clara;developer;186141.24;06-03-1955
889;79655180;Roxane;Turne;police officer;96561.33;26-11-1998
890;79727134;Evita;Florina;developer;137324.36;14-01-1901
891;79197348;Magdalena;Orpah;police officer;103659.37;30-06-1915
892;79239728;Ana;Vittoria;doctor;165711.28;10-05-1989
893;79162573;Tersina;Morrill;doctor;101636.6;23-02-1958
894;79912401;Florie;Stelle;police officer;172566.66;13-04-1975
895;79973433;Mireielle;Meli;firefighter;118828.79;24-09-1911
896;79357381;Madalyn;Nance;firefighter;91708.67;27-03-1945
897;79305277;Carmela;Ivens;doctor;93502.91;25-08-1997
898;79150213;Florencia;Atonsah;worker;32432.44;18-04-1946
899;79326149;Inga;Hoban;firefighter;106429.57;12-10-1930
900;79617723;Emma;Pauly;doctor;26127.95;29-03-1901
901;79292873;Susan;Harday;developer;194377.61;29-11-1944
902;79976600;Charmaine;McNully;developer;50197.73;05-09-1998
903;79850060;Celisse;Raseda;worker;147193.78;02-12-1928
904;79965095;Addia;Maroney;developer;190084.32;15-08-1912
905;79945150;Kaja;Brandice;firefighter;183031.82;16-04-1915
906;79245870;Maye;Jefferey;firefighter;46110.16;21-11-1924
907;79488236;Dyann;Stelle;firefighter;39543.36;04-10-1936
908;79905468;Rubie;Ogren;worker;197496.04;15-05-1910
909;79905795;Tina;Sundin;developer;99951.85;25-05-1966
910;79225657;Fredericka;Rozanna;doctor;177977.24;31-05-1903
911;79405198;Melodie;Ethban;firefighter;183531.66;15-10-1935
912;79887047;Orsola;Nore;doctor;51908.14;15-06-1943
913;79359404;Justinn;Ethban;police officer;142307.79;21-10-1964
914;79083548;Collen;Burkle;doctor;142278.16;21-02-1909
915;79569319;Delilah;Bandeen;firefighter;38777.64;12-04-1954
916;79102466;Roberta;Adrienne;developer;179984.27;08-07-2001
917;79113172;Amara;Tengdin;worker;43312.14;01-07-1927
918;79494600;Margette;Tatianas;worker;57950.02;06-04-1900
919;79543370;Jennica;Bluh;police officer;147949.31;17-04-1992
920;79857408;Jillayne;Fairweather;firefighter;188630.39;02-06-1914
921;79298437;Willetta;Teryn;worker;70992.55;15-07-1923
922;79440535;Cherrita;Jobi;firefighter;47449.83;26-07-1998
923;79173557;Modestia;Neva;worker;59227.18;13-06-2005
924;79441444;Heddie;Viddah;firefighter;29595.44;19-02-1960
925;79682078;Jacenta;Felizio;firefighter;187527.55;11-04-1909
926;79852711;Louella;Bonilla;firefighter;147223.53;28-10-2010
927;79242515;Arlina;Leffen;worker;137954.61;15-12-2013
928;79579322;Odessa;Marlie;worker;143380.8;01-01-1999
929;79813010;Britte;Reinke;doctor;142205.95;03-01-1946
930;79902951;Marnia;Penelopa;police officer;29768.12;22-11-1958
931;79883940;Angelique;Edee;developer;168262.3;18-05-1951
932;79490638;Norine;Nester;firefighter;170697.19;31-08-1931
933;79838559;Diena;Maples;worker;127233.16;03-05-1939
934;79519098;Marti;Sprage;firefighter;142391.93;10-09-1952
935;79957131;Brietta;Koziara;police officer;50937.95;02-06-1952
936;79884996;Dorothy;Bandeen;developer;164200.24;23-03-2002
937;79396963;Stacey;Tannie;developer;60711.31;26-01-1957
938;79802550;Addia;Gherardo;developer;105610.12;02-07-1923
939;79504826;Wilma;Dudley;doctor;36125.24;04-09-1949
940;79203607;Asia;Chesna;worker;109064.45;08-02-2013
941;79343228;Lory;Marlie;worker;189658.84;29-01-1914
942;79558751;Chloris;Susannah;developer;89038.84;11-04-1968
943;79404471;Di;Moseley;police officer;35396.07;16-09-1900
944;79293761;Binny;Autrey;developer;24380.13;01-06-1913
945;79367226;Lanae;Cyrie;worker;66423.35;27-09-1920
946;79348659;Henriette;Weinreb;worker;68701.44;05-01-1955
947;79773610;Hermione;Corilla;firefighter;86038.59;06-06-2003
948;79963993;Dulce;Kaja;developer;115778.4;28-12-1946
949;79419441;Jennica;Kiersten;developer;117140.77;22-10-1918
950;79286741;Tabbatha;Shields;police officer;36012.01;11-04-2002
951;79959734;Katleen;Thema;police officer;161877.85;15-05-1948
952;79457802;Caritta;Schroth;doctor;95254.76;27-04-1968
953;79506922;Cam;Yorick;firefighter;195115.71;31-05-1963
954;79786763;Vonny;Freddi;police officer;150755.71;20-06-1949
955;79367802;Lyssa;Burkle;firefighter;178730.4;16-10-1924
956;79359716;Dyann;Phaidra;worker;73042.78;05-04-1983
957;79449172;Philis;Gladstone;doctor;197948.4;30-07-1913
958;79051111;Joceline;Myrilla;doctor;169636.54;28-02-1998
959;79891034;Flo;Cohdwell;firefighter;166433.71;21-02-1917
960;79673149;Stevana;Ventre;firefighter;195737.3;10-04-1901
961;79307822;Linet;Bandeen;police officer;31527.56;20-04-1986
962;79190155;Tori;Tomasina;worker;164443.58;09-05-1931
963;79522196;Kayla;Bandeen;worker;129833.06;15-05-1917
964;79905921;Stephanie;Bow;doctor;46509.19;11-11-1910
965;79931847;Nataline;Gregrory;worker;129374.49;13-03-1906
966;79886362;Lelah;Sekofski;police officer;182421.49;22-08-1907
967;79460419;Kial;Khorma;firefighter;133215.46;13-07-1912
968;79091177;Edee;Pierette;developer;80297.04;29-03-1943
969;79677127;Minne;Eben;firefighter;170537.33;28-07-1995
970;79599803;Marnia;Lucienne;firefighter;171631.96;06-06-1933
971;79527209;Gloria;Iaverne;worker;120629.02;20-12-1906
972;79947575;Briney;Gwenore;police officer;182745.95;16-06-2013
973;79003304;Shandie;Tarrant;police officer;173798.53;25-05-1964
974;79344105;Melodie;Payson;worker;55808.14;14-09-1911
975;79585197;Ronna;Trinetta;doctor;151819.92;09-01-1920
976;79722674;Addia;Vale;police officer;61344.95;06-07-1941
977;79749662;Harrietta;Gwenore;police officer;41537.17;25-11-1940
978;79508479;Thalia;Goerke;developer;45528.91;20-10-1931
979;79994975;Cordi;Bronk;doctor;103935.68;22-12-1947
980;79206540;Sarette;Autrey;police officer;64782.74;26-09-1925
981;79827548;Alleen;Laverne;firefighter;53341.78;19-06-1904
982;79036153;Fidelia;Si;firefighter;54387.9;12-09-1976
983;79591966;Minda;Konyn;firefighter;135278.43;01-08-1947
984;79840130;Estell;Seessel;police officer;22583.69;16-09-2011
985;79624649;Devina;Septima;firefighter;91049.55;19-01-1933
986;79783085;Brana;Juan;firefighter;89249.99;23-03-1946
987;79906053;Taffy;Evangelia;worker;199076.78;28-04-1925
988;79835737;Adore;Huggins;firefighter;187423.2;18-04-1992
989;79315200;June;Croix;firefighter;164692.22;18-02-1912
990;79552708;Kirbee;Ventre;police officer;97735.2;15-09-1974
991;79528988;Aurelie;Torray;worker;154767.24;21-04-1982
992;79638677;Dione;Infield;doctor;63998.95;13-05-2000
993;79525117;Janis;Sabella;firefighter;194698.71;24-12-1920
994;79813249;Estell;Katrine;developer;23490.04;12-02-2012
995;79799527;Evaleen;Nickola;police officer;181233.08;20-04-1984
996;79084516;Shel;Salchunas;worker;44075.84;26-06-1966
997;79130972;Tybie;Anis;doctor;128161.75;12-05-1986
998;79541649;Carol-Jean;Birdella;police officer;182848.45;20-09-2001
999;79294205;Joeann;Vins;developer;144377.35;23-10-1927
1000;79514293;Brooks;Raul;worker;141708.74;03-09-1991